{"cameraMode":{"drawMode":0,"name":"Shaded","section":"Shading Mode"},"sceneLighting":true,"audioPlay":false,"sceneViewState":{"showFog":true,"showMaterialUpdate":false,"showSkybox":true,"showFlares":true,"showImageEffects":true,"showParticleSystems":true},"in2DMode":false,"pivot":{"x":-205.37896728515626,"y":-127.38493347167969,"z":417.55322265625},"rotation":{"x":0.13853338360786439,"y":-0.2179495394229889,"z":0.031270015984773639,"w":0.9655731916427612},"size":502.3621826171875,"orthographic":false}