{"cameraMode":{"drawMode":0,"name":"Shaded","section":"Shading Mode"},"sceneLighting":false,"audioPlay":false,"sceneViewState":{"showFog":true,"showMaterialUpdate":false,"showSkybox":false,"showFlares":true,"showImageEffects":true,"showParticleSystems":true},"in2DMode":false,"pivot":{"x":912.1895751953125,"y":473.1784362792969,"z":51.697998046875},"rotation":{"x":-0.1304372251033783,"y":-0.005357134155929089,"z":0.0007039060583338141,"w":-0.9914584755897522},"size":1920.027587890625,"orthographic":false}