{"cameraMode":{"drawMode":0,"name":"Shaded","section":"Shading Mode"},"sceneLighting":true,"audioPlay":false,"sceneViewState":{"showFog":true,"showMaterialUpdate":false,"showSkybox":true,"showFlares":true,"showImageEffects":true,"showParticleSystems":true},"in2DMode":false,"pivot":{"x":0.3164043426513672,"y":1.9942800998687745,"z":3.3620243072509767},"rotation":{"x":-0.20587080717086793,"y":0.4496757984161377,"z":-0.1073349341750145,"w":-0.8624889850616455},"size":8.219560623168946,"orthographic":false}