{"cameraMode":{"drawMode":0,"name":"Shaded","section":"Shading Mode"},"sceneLighting":false,"audioPlay":false,"sceneViewState":{"showFog":true,"showMaterialUpdate":false,"showSkybox":false,"showFlares":true,"showImageEffects":true,"showParticleSystems":true},"in2DMode":false,"pivot":{"x":336.14697265625,"y":178.9440460205078,"z":1.5926246643066407},"rotation":{"x":-0.1881241649389267,"y":0.024155275896191598,"z":-0.004628367256373167,"w":-0.9818397760391235},"size":41.2258186340332,"orthographic":false}