{"cameraMode":{"drawMode":0,"name":"Shaded","section":"Shading Mode"},"sceneLighting":true,"audioPlay":false,"sceneViewState":{"showFog":true,"showMaterialUpdate":false,"showSkybox":true,"showFlares":true,"showImageEffects":true,"showParticleSystems":true},"in2DMode":false,"pivot":{"x":1.4998867511749268,"y":1.8014769554138184,"z":0.43314146995544436},"rotation":{"x":-0.3164322078227997,"y":0.06736750900745392,"z":-0.022535953670740129,"w":-0.9459565877914429},"size":7.972306728363037,"orthographic":false}