{"cameraMode":{"drawMode":0,"name":"Shaded","section":"Shading Mode"},"sceneLighting":true,"audioPlay":false,"sceneViewState":{"showFog":true,"showMaterialUpdate":false,"showSkybox":true,"showFlares":true,"showImageEffects":true,"showParticleSystems":true},"in2DMode":false,"pivot":{"x":-2.277353048324585,"y":-4.098417282104492,"z":5.809409141540527},"rotation":{"x":-0.14799435436725617,"y":0.059889357537031177,"z":-0.008994082920253277,"w":-0.9871693849563599},"size":18.20766830444336,"orthographic":false}