{"cameraMode":{"drawMode":0,"name":"Shaded","section":"Shading Mode"},"sceneLighting":true,"audioPlay":false,"sceneViewState":{"showFog":true,"showMaterialUpdate":false,"showSkybox":true,"showFlares":true,"showImageEffects":true,"showParticleSystems":true},"in2DMode":false,"pivot":{"x":-0.03103923797607422,"y":1.1711472272872925,"z":3.7151482105255129},"rotation":{"x":0.03399908170104027,"y":-0.21390138566493989,"z":0.007437082938849926,"w":0.9762707352638245},"size":6.795483589172363,"orthographic":false}