{"cameraMode":{"drawMode":0,"name":"Shaded","section":"Shading Mode"},"sceneLighting":false,"audioPlay":false,"sceneViewState":{"showFog":true,"showMaterialUpdate":false,"showSkybox":false,"showFlares":true,"showImageEffects":true,"showParticleSystems":true},"in2DMode":false,"pivot":{"x":0.47902607917785647,"y":1.8306299448013306,"z":0.33896923065185549},"rotation":{"x":0.08570460230112076,"y":-0.0000044912617340742148,"z":0.0000011304473446216435,"w":0.9963222146034241},"size":13.350432395935059,"orthographic":false}