{"cameraMode":{"drawMode":0,"name":"Shaded","section":"Shading Mode"},"sceneLighting":true,"audioPlay":false,"sceneViewState":{"showFog":true,"showMaterialUpdate":false,"showSkybox":true,"showFlares":true,"showImageEffects":true,"showParticleSystems":true},"in2DMode":false,"pivot":{"x":1.5454864501953126,"y":4.511948585510254,"z":-5.451051235198975},"rotation":{"x":-0.005236267112195492,"y":-0.9947633743286133,"z":0.0735565721988678,"w":-0.07082659006118775},"size":19.986555099487306,"orthographic":false}