{"cameraMode":{"drawMode":0,"name":"Shaded","section":"Shading Mode"},"sceneLighting":true,"audioPlay":false,"sceneViewState":{"showFog":true,"showMaterialUpdate":false,"showSkybox":true,"showFlares":true,"showImageEffects":true,"showParticleSystems":true},"in2DMode":false,"pivot":{"x":-2.6113853454589845,"y":8.667850494384766,"z":-5.631416320800781},"rotation":{"x":-0.339948832988739,"y":-0.083924300968647,"z":0.03047284111380577,"w":-0.9362033605575562},"size":-1.0808866024017335,"orthographic":false}