{"cameraMode":{"drawMode":0,"name":"Shaded","section":"Shading Mode"},"sceneLighting":true,"audioPlay":false,"sceneViewState":{"showFog":true,"showMaterialUpdate":false,"showSkybox":false,"showFlares":true,"showImageEffects":true,"showParticleSystems":true},"in2DMode":false,"pivot":{"x":6.1100006103515629,"y":11.239999771118164,"z":-6.009999752044678},"rotation":{"x":0.2566426992416382,"y":-0.11104165762662888,"z":0.02966771461069584,"w":0.9596689939498901},"size":22.0,"orthographic":false}