{"cameraMode":{"drawMode":0,"name":"Shaded","section":"Shading Mode"},"sceneLighting":false,"audioPlay":false,"sceneViewState":{"showFog":true,"showMaterialUpdate":false,"showSkybox":false,"showFlares":true,"showImageEffects":true,"showParticleSystems":true},"in2DMode":false,"pivot":{"x":433.138671875,"y":244.21722412109376,"z":197.22882080078126},"rotation":{"x":0.25527670979499819,"y":-0.03595634922385216,"z":0.009469394572079182,"w":0.9661732316017151},"size":1329.2706298828125,"orthographic":false}