{"cameraMode":{"drawMode":0,"name":"Shaded","section":"Shading Mode"},"sceneLighting":false,"audioPlay":false,"sceneViewState":{"showFog":true,"showMaterialUpdate":false,"showSkybox":false,"showFlares":true,"showImageEffects":true,"showParticleSystems":true},"in2DMode":false,"pivot":{"x":363.6000061035156,"y":190.39999389648438,"z":0.0},"rotation":{"x":-0.03623102977871895,"y":-0.06232161447405815,"z":0.0022631774190813305,"w":-0.9973994493484497},"size":233.34524536132813,"orthographic":false}