{"cameraMode":{"drawMode":0,"name":"Shaded","section":"Shading Mode"},"sceneLighting":true,"audioPlay":false,"sceneViewState":{"showFog":true,"showMaterialUpdate":false,"showSkybox":true,"showFlares":true,"showImageEffects":true,"showParticleSystems":true},"in2DMode":false,"pivot":{"x":-3.2660932540893556,"y":1.1487245559692383,"z":-0.16799205541610719},"rotation":{"x":-0.058162860572338107,"y":-0.1441524177789688,"z":0.00847986713051796,"w":-0.987840473651886},"size":10.575400352478028,"orthographic":false}