{"cameraMode":{"drawMode":0,"name":"Shaded","section":"Shading Mode"},"sceneLighting":false,"audioPlay":false,"sceneViewState":{"showFog":true,"showMaterialUpdate":false,"showSkybox":false,"showFlares":true,"showImageEffects":true,"showParticleSystems":true},"in2DMode":false,"pivot":{"x":1.968621015548706,"y":1.632912516593933,"z":0.2713146209716797},"rotation":{"x":-0.060264598578214648,"y":0.018562087789177896,"z":-0.0011208594078198076,"w":-0.9980352520942688},"size":16.444828033447267,"orthographic":false}