{"cameraMode":{"drawMode":0,"name":"Shaded","section":"Shading Mode"},"sceneLighting":false,"audioPlay":false,"sceneViewState":{"showFog":true,"showMaterialUpdate":false,"showSkybox":false,"showFlares":true,"showImageEffects":true,"showParticleSystems":true},"in2DMode":false,"pivot":{"x":400.5928955078125,"y":233.4195098876953,"z":-9.489991188049317},"rotation":{"x":0.03179990127682686,"y":0.016799254342913629,"z":-0.0005441498360596597,"w":0.9993881583213806},"size":88.7298583984375,"orthographic":false}