{"cameraMode":{"drawMode":0,"name":"Shaded","section":"Shading Mode"},"sceneLighting":true,"audioPlay":false,"sceneViewState":{"showFog":true,"showMaterialUpdate":false,"showSkybox":true,"showFlares":true,"showImageEffects":true,"showParticleSystems":true},"in2DMode":false,"pivot":{"x":1.566230058670044,"y":1.0288702249526978,"z":1.9854507446289063},"rotation":{"x":0.20287548005580903,"y":0.013517064042389393,"z":-0.002828927244991064,"w":0.9791225790977478},"size":16.183809280395509,"orthographic":false}