{"cameraMode":{"drawMode":0,"name":"Shaded","section":"Shading Mode"},"sceneLighting":true,"audioPlay":false,"sceneViewState":{"showFog":true,"showMaterialUpdate":false,"showSkybox":true,"showFlares":true,"showImageEffects":true,"showParticleSystems":true},"in2DMode":false,"pivot":{"x":-4.2654547691345219,"y":1.0961997509002686,"z":4.583011627197266},"rotation":{"x":0.15082715451717378,"y":0.4862065613269806,"z":-0.08561480790376663,"w":0.8564892411231995},"size":3.0564124584198,"orthographic":false}