{"cameraMode":{"drawMode":0,"name":"Shaded","section":"Shading Mode"},"sceneLighting":false,"audioPlay":false,"sceneViewState":{"showFog":true,"showMaterialUpdate":false,"showSkybox":false,"showFlares":true,"showImageEffects":true,"showParticleSystems":true},"in2DMode":false,"pivot":{"x":231.23922729492188,"y":101.49398803710938,"z":0.0},"rotation":{"x":0.15082715451717378,"y":0.4862065613269806,"z":-0.08561480790376663,"w":0.8564892411231995},"size":936.4597778320313,"orthographic":false}