{"cameraMode":{"drawMode":0,"name":"Shaded","section":"Shading Mode"},"sceneLighting":false,"audioPlay":false,"sceneViewState":{"showFog":true,"showMaterialUpdate":false,"showSkybox":false,"showFlares":true,"showImageEffects":true,"showParticleSystems":true},"in2DMode":false,"pivot":{"x":273.9128723144531,"y":238.5043182373047,"z":-29.038265228271486},"rotation":{"x":-0.16072043776512147,"y":-0.2780458629131317,"z":0.04724324494600296,"w":-0.9458751678466797},"size":4.041658401489258,"orthographic":false}