{"cameraMode":{"drawMode":0,"name":"Shaded","section":"Shading Mode"},"sceneLighting":true,"audioPlay":false,"sceneViewState":{"showFog":true,"showMaterialUpdate":false,"showSkybox":true,"showFlares":true,"showImageEffects":true,"showParticleSystems":true},"in2DMode":false,"pivot":{"x":1.5798900127410889,"y":1.857240915298462,"z":0.6986087560653687},"rotation":{"x":0.21944595873355866,"y":-0.2386516034603119,"z":0.0554448701441288,"w":0.9444078803062439},"size":0.8525773882865906,"orthographic":false}