{"cameraMode":{"drawMode":0,"name":"Shaded","section":"Shading Mode"},"sceneLighting":true,"audioPlay":false,"sceneViewState":{"showFog":true,"showMaterialUpdate":false,"showSkybox":false,"showFlares":true,"showImageEffects":true,"showParticleSystems":true},"in2DMode":false,"pivot":{"x":0.6834516525268555,"y":6.587750434875488,"z":2.7894773483276369},"rotation":{"x":-0.19406484067440034,"y":-0.008243177086114884,"z":0.0016315043903887272,"w":-0.9809604287147522},"size":22.0,"orthographic":false}