{"cameraMode":{"drawMode":0,"name":"Shaded","section":"Shading Mode"},"sceneLighting":true,"audioPlay":false,"sceneViewState":{"showFog":true,"showMaterialUpdate":false,"showSkybox":true,"showFlares":true,"showImageEffects":true,"showParticleSystems":true},"in2DMode":false,"pivot":{"x":0.24228093028068543,"y":0.9195160865783691,"z":-1.627390742301941},"rotation":{"x":-0.21195925772190095,"y":-0.1537553369998932,"z":0.03380253538489342,"w":-0.9645673632621765},"size":1.8071088790893555,"orthographic":false}