{"cameraMode":{"drawMode":0,"name":"Shaded","section":"Shading Mode"},"sceneLighting":false,"audioPlay":false,"sceneViewState":{"showFog":true,"showMaterialUpdate":false,"showSkybox":false,"showFlares":true,"showImageEffects":true,"showParticleSystems":true},"in2DMode":false,"pivot":{"x":-0.28598248958587649,"y":1.5702147483825684,"z":0.017210379242897035},"rotation":{"x":-0.013421142473816872,"y":-0.9865666031837463,"z":0.1102718859910965,"w":-0.12018238008022309},"size":4.653024673461914,"orthographic":false}