{"cameraMode":{"drawMode":0,"name":"Shaded","section":"Shading Mode"},"sceneLighting":false,"audioPlay":false,"sceneViewState":{"showFog":true,"showMaterialUpdate":false,"showSkybox":false,"showFlares":true,"showImageEffects":true,"showParticleSystems":true},"in2DMode":false,"pivot":{"x":332.99322509765627,"y":285.33551025390627,"z":38.931427001953128},"rotation":{"x":-0.16072043776512147,"y":-0.2780458629131317,"z":0.04724324494600296,"w":-0.9458751678466797},"size":2.8578836917877199,"orthographic":false}