{"cameraMode":{"drawMode":0,"name":"Shaded","section":"Shading Mode"},"sceneLighting":false,"audioPlay":false,"sceneViewState":{"showFog":true,"showMaterialUpdate":false,"showSkybox":false,"showFlares":true,"showImageEffects":true,"showParticleSystems":true},"in2DMode":false,"pivot":{"x":0.0,"y":0.023084402084350587,"z":0.0434902049601078},"rotation":{"x":0.239110067486763,"y":-0.21631233394145966,"z":0.0547168105840683,"w":0.9450489282608032},"size":1.3960496187210084,"orthographic":false}