{"cameraMode":{"drawMode":0,"name":"Shaded","section":"Shading Mode"},"sceneLighting":false,"audioPlay":false,"sceneViewState":{"showFog":true,"showMaterialUpdate":false,"showSkybox":false,"showFlares":true,"showImageEffects":true,"showParticleSystems":true},"in2DMode":false,"pivot":{"x":3.0517187118530275,"y":2.1343393325805666,"z":1.792571783065796},"rotation":{"x":0.20976175367832185,"y":-0.06596176326274872,"z":0.014153203926980496,"w":0.9754651188850403},"size":55.471900939941409,"orthographic":false}