{"cameraMode":{"drawMode":0,"name":"Shaded","section":"Shading Mode"},"sceneLighting":false,"audioPlay":false,"sceneViewState":{"showFog":true,"showMaterialUpdate":false,"showSkybox":false,"showFlares":true,"showImageEffects":true,"showParticleSystems":true},"in2DMode":false,"pivot":{"x":249.8351593017578,"y":206.5756378173828,"z":-58.565853118896487},"rotation":{"x":-0.2595430910587311,"y":-0.17922040820121766,"z":0.04909157380461693,"w":-0.9477165341377258},"size":215.6190185546875,"orthographic":false}