{"cameraMode":{"drawMode":0,"name":"Shaded","section":"Shading Mode"},"sceneLighting":false,"audioPlay":false,"sceneViewState":{"showFog":true,"showMaterialUpdate":false,"showSkybox":false,"showFlares":true,"showImageEffects":true,"showParticleSystems":true},"in2DMode":false,"pivot":{"x":2.8202505111694338,"y":0.9700002670288086,"z":-0.4204999804496765},"rotation":{"x":0.1905323714017868,"y":-0.07797037065029144,"z":0.015160099603235722,"w":0.9785025715827942},"size":21.864465713500978,"orthographic":false}