{"cameraMode":{"drawMode":0,"name":"Shaded","section":"Shading Mode"},"sceneLighting":true,"audioPlay":false,"sceneViewState":{"showFog":true,"showMaterialUpdate":false,"showSkybox":true,"showFlares":true,"showImageEffects":true,"showParticleSystems":true},"in2DMode":false,"pivot":{"x":0.7389998435974121,"y":1.6339998245239258,"z":0.11999988555908203},"rotation":{"x":-0.15990428626537324,"y":0.8309771418571472,"z":-0.30314844846725466,"w":-0.43830400705337527},"size":1.7997937202453614,"orthographic":false}