{"cameraMode":{"drawMode":0,"name":"Shaded","section":"Shading Mode"},"sceneLighting":true,"audioPlay":false,"sceneViewState":{"showFog":true,"showMaterialUpdate":false,"showSkybox":true,"showFlares":true,"showImageEffects":true,"showParticleSystems":true},"in2DMode":false,"pivot":{"x":0.9223942756652832,"y":0.7800271511077881,"z":2.9357690811157228},"rotation":{"x":0.3756977319717407,"y":-0.32142534852027895,"z":0.14076322317123414,"w":0.8577929735183716},"size":13.648293495178223,"orthographic":false}