{"cameraMode":{"drawMode":0,"name":"Shaded","section":"Shading Mode"},"sceneLighting":false,"audioPlay":false,"sceneViewState":{"showFog":true,"showMaterialUpdate":false,"showSkybox":false,"showFlares":true,"showImageEffects":true,"showParticleSystems":true},"in2DMode":false,"pivot":{"x":2.299999237060547,"y":71.5199966430664,"z":-0.009999999776482582},"rotation":{"x":-0.06323180347681046,"y":0.03352357819676399,"z":-0.0021243661176413299,"w":-0.9974387288093567},"size":86.13253021240235,"orthographic":false}