{"cameraMode":{"drawMode":0,"name":"Shaded","section":"Shading Mode"},"sceneLighting":true,"audioPlay":false,"sceneViewState":{"showFog":true,"showMaterialUpdate":false,"showSkybox":false,"showFlares":true,"showImageEffects":true,"showParticleSystems":true},"in2DMode":false,"pivot":{"x":-10.680500030517579,"y":-165.48300170898438,"z":112.57183074951172},"rotation":{"x":-0.024990983307361604,"y":0.8204668164253235,"z":-0.0359656885266304,"w":-0.5700259804725647},"size":699.4501342773438,"orthographic":false}