{"cameraMode":{"drawMode":0,"name":"Shaded","section":"Shading Mode"},"sceneLighting":false,"audioPlay":false,"sceneViewState":{"showFog":true,"showMaterialUpdate":false,"showSkybox":false,"showFlares":true,"showImageEffects":true,"showParticleSystems":true},"in2DMode":false,"pivot":{"x":332.99322509765627,"y":285.33551025390627,"z":38.931427001953128},"rotation":{"x":-0.16880860924720765,"y":-0.2577863931655884,"z":0.045792799443006518,"w":-0.9502657055854797},"size":4.041658401489258,"orthographic":false}